{"assets":[{"id":"7","layers":[{"ind":6,"ty":4,"parent":5,"ks":{},"ip":0,"op":421,"st":0,"shapes":[{"ty":"sh","ks":{"a":0,"k":{"c":true,"i":[[0,0],[0,0],[0,0],[0,0],[0,0],[0.8,0],[0,0],[0,0],[0,0],[0,0],[0,0],[-0.2,0.1],[-0.1,0.4],[0,0],[0,0],[0,0],[0,0]],"v":[[1.2,4.5],[2.7,8.9],[4,4.5],[5.1,4.5],[2.7,11.3],[1,12.7],[1,12.7],[0.8,12.7],[0.5,12.6],[0.5,11.8],[0.7,11.8],[1.5,11.6],[2,10.9],[2,10.9],[2.2,10.3],[0.1,4.5],[1.2,4.5]],"o":[[0,0],[0,0],[0,0],[0,0],[-0.4,1],[0,0],[0,0],[0,0],[0,0],[0,0],[0.3,0],[0.2,-0.1],[0,0],[0,0],[0,0],[0,0],[0,0]]}}},{"ty":"fl","c":{"a":0,"k":[1,1,1]},"o":{"a":0,"k":100}}]},{"ind":5,"ty":3,"ks":{"p":{"a":0,"k":[0,-4]}},"ip":0,"op":421,"st":0}]},{"id":"12","layers":[{"ind":11,"ty":4,"parent":10,"ks":{},"ip":0,"op":421,"st":0,"shapes":[{"ty":"sh","ks":{"a":0,"k":{"c":true,"i":[[0,0],[0,0],[0,0.3],[0,0],[0.6,0],[0,0],[0.4,0.3],[0,0.5],[0,0],[-0.5,0.3],[-0.8,0],[0,0],[0,0],[0,0],[0.2,0.2],[0.4,0],[0,0],[0.2,-0.2],[0,-0.3],[0,0],[0,0],[-0.2,0.3],[-0.4,0.2],[-0.4,0],[0,0],[-0.4,-0.3],[0,-0.6],[0,0],[0,0],[-0.1,-0.3],[0,0],[0,0]],"v":[[5.4,10.4],[4.3,10.4],[4.2,9.7],[4.2,9.7],[2.5,10.5],[2.5,10.5],[1.1,10],[0.6,8.7],[0.6,8.7],[1.3,7.3],[3.2,6.8],[3.2,6.8],[4.2,6.8],[4.2,6.4],[3.9,5.5],[3,5.2],[3,5.2],[2.1,5.5],[1.7,6.2],[1.7,6.2],[0.7,6.2],[1,5.3],[1.9,4.7],[3,4.4],[3,4.4],[4.6,4.9],[5.2,6.3],[5.2,6.3],[5.2,9],[5.4,10.3],[5.4,10.3],[5.4,10.4]],"o":[[0,0],[-0.1,-0.1],[0,0],[-0.5,0.5],[0,0],[-0.6,0],[-0.4,-0.3],[0,0],[0,-0.6],[0.5,-0.3],[0,0],[0,0],[0,0],[0,-0.3],[-0.2,-0.2],[0,0],[-0.4,0],[-0.2,0.2],[0,0],[0,0],[0,-0.3],[0.2,-0.3],[0.4,-0.2],[0,0],[0.7,0],[0.4,0.3],[0,0],[0,0],[0,0.5],[0,0],[0,0],[0,0]]}}},{"ty":"sh","ks":{"a":0,"k":{"c":true,"i":[[0,0],[0,0],[-0.3,0.2],[-0.1,0.3],[0,0],[0,0],[0,0],[0,-0.7],[0,0],[-0.2,-0.2],[-0.3,0]],"v":[[2.7,9.6],[2.7,9.6],[3.6,9.4],[4.2,8.7],[4.2,8.7],[4.2,7.5],[3.4,7.5],[1.6,8.6],[1.6,8.6],[1.9,9.3],[2.7,9.6]],"o":[[0,0],[0.3,0],[0.3,-0.2],[0,0],[0,0],[0,0],[-1.2,0],[0,0],[0,0.3],[0.2,0.2],[0,0]]}}},{"ty":"fl","c":{"a":0,"k":[1,1,1]},"o":{"a":0,"k":100}}]},{"ind":10,"ty":3,"ks":{"p":{"a":0,"k":[0,-4]}},"ip":0,"op":421,"st":0}]},{"id":"17","layers":[{"ind":16,"ty":4,"parent":15,"ks":{},"ip":0,"op":421,"st":0,"shapes":[{"ty":"sh","ks":{"a":0,"k":{"c":true,"i":[[0,0],[0,0],[0,0],[0,0],[0,0]],"v":[[1.8,2.1],[1.8,10.4],[0.8,10.4],[0.8,2.1],[1.8,2.1]],"o":[[0,0],[0,0],[0,0],[0,0],[0,0]]}}},{"ty":"fl","c":{"a":0,"k":[1,1,1]},"o":{"a":0,"k":100}}]},{"ind":15,"ty":3,"ks":{"p":{"a":0,"k":[0,-2]}},"ip":0,"op":421,"st":0}]},{"id":"22","layers":[{"ind":21,"ty":4,"parent":20,"ks":{},"ip":0,"op":421,"st":0,"shapes":[{"ty":"sh","ks":{"a":0,"k":{"c":true,"i":[[0,0],[0,0],[0.4,-0.5],[0.7,0],[0,0],[0.4,0.4],[0,0],[0,0],[0,0],[0,0],[0,0],[0,0],[-0.7,0],[0,0],[-0.4,-0.5],[0,-0.9],[0,0]],"v":[[5.7,7.4],[5.7,7.5],[5.1,9.7],[3.4,10.5],[3.4,10.5],[1.7,9.8],[1.7,9.8],[1.7,12.6],[0.8,12.6],[0.8,4.5],[1.7,4.5],[1.7,5.2],[3.4,4.4],[3.4,4.4],[5.1,5.2],[5.7,7.4],[5.7,7.4]],"o":[[0,0],[0,0.9],[-0.4,0.5],[0,0],[-0.7,0],[0,0],[0,0],[0,0],[0,0],[0,0],[0,0],[0.4,-0.5],[0,0],[0.7,0],[0.4,0.5],[0,0],[0,0]]}}},{"ty":"sh","ks":{"a":0,"k":{"c":true,"i":[[0,0],[0,0],[0.3,0.4],[0.5,0],[0,0],[0.3,-0.5],[0,0],[0,0],[-0.6,0],[0,0],[-0.3,0.4],[0,0.7]],"v":[[4.7,7.4],[4.7,7.4],[4.2,5.9],[3.1,5.3],[3.1,5.3],[1.7,6.1],[1.7,6.1],[1.7,8.9],[3.1,9.7],[3.1,9.7],[4.2,9.1],[4.7,7.4]],"o":[[0,0],[0,-0.7],[-0.3,-0.4],[0,0],[-0.6,0],[0,0],[0,0],[0.3,0.5],[0,0],[0.5,0],[0.3,-0.4],[0,0]]}}},{"ty":"fl","c":{"a":0,"k":[1,1,1]},"o":{"a":0,"k":100}}]},{"ind":20,"ty":3,"ks":{"p":{"a":0,"k":[0,-4]}},"ip":0,"op":421,"st":0}]},{"id":"27","layers":[{"ind":26,"ty":4,"parent":25,"ks":{},"ip":0,"op":421,"st":0,"shapes":[{"ty":"sh","ks":{"a":0,"k":{"c":true,"i":[[0,0],[0,0],[0.5,0.5],[0,0.9],[0,0],[0,0],[-0.2,0.5],[-0.4,0.3],[-0.5,0],[0,0],[-0.4,-0.5],[0,-0.9],[0,0],[0,0],[0,0],[-0.3,-0.4],[-0.5,0],[0,0],[-0.2,0.1],[-0.2,0.2],[0,0],[0,0],[1,0]],"v":[[3.2,10.5],[3.2,10.5],[1.2,9.7],[0.5,7.6],[0.5,7.6],[0.5,7.4],[0.8,5.9],[1.8,4.8],[3,4.4],[3,4.4],[4.8,5.2],[5.4,7.3],[5.4,7.3],[5.4,7.7],[1.5,7.7],[2,9.1],[3.2,9.7],[3.2,9.7],[4.1,9.4],[4.7,8.9],[4.7,8.9],[5.4,9.3],[3.2,10.5]],"o":[[0,0],[-0.8,0],[-0.5,-0.5],[0,0],[0,0],[0,-0.6],[0.2,-0.5],[0.4,-0.3],[0,0],[0.8,0],[0.4,0.5],[0,0],[0,0],[0,0],[0,0.6],[0.3,0.4],[0,0],[0.4,0],[0.2,-0.1],[0,0],[0,0],[-0.5,0.7],[0,0]]}}},{"ty":"sh","ks":{"a":0,"k":{"c":true,"i":[[0,0],[0,0],[0.3,-0.3],[0.1,-0.5],[0,0],[0,0],[0,0],[0.2,0.3],[0.4,0]],"v":[[3,5.3],[3,5.3],[2,5.7],[1.5,6.9],[1.5,6.9],[4.4,6.9],[4.4,6.8],[4,5.7],[3,5.3]],"o":[[0,0],[-0.4,0],[-0.3,0.3],[0,0],[0,0],[0,0],[0,-0.5],[-0.2,-0.3],[0,0]]}}},{"ty":"fl","c":{"a":0,"k":[1,1,1]},"o":{"a":0,"k":100}}]},{"ind":25,"ty":3,"ks":{"p":{"a":0,"k":[0,-4]}},"ip":0,"op":421,"st":0}]},{"id":"32","layers":[{"ind":31,"ty":4,"parent":30,"ks":{},"ip":0,"op":421,"st":0,"shapes":[{"ty":"sh","ks":{"a":0,"k":{"c":true,"i":[[0,0],[0,0],[0,0],[0,0],[0,0],[0,0],[0,0],[-0.5,-0.4],[0,-0.8],[0,0],[0.3,-0.4],[0.5,-0.2],[0,0],[0,0],[0,0],[0,0]],"v":[[5.5,10.4],[3.8,7.2],[1.9,7.2],[1.9,10.4],[0.9,10.4],[0.9,2.5],[3.5,2.5],[5.5,3.1],[6.2,4.9],[6.2,4.9],[5.8,6.2],[4.7,7],[4.7,7],[6.6,10.3],[6.6,10.4],[5.5,10.4]],"o":[[0,0],[0,0],[0,0],[0,0],[0,0],[0,0],[0.9,0],[0.5,0.4],[0,0],[0,0.5],[-0.3,0.4],[0,0],[0,0],[0,0],[0,0],[0,0]]}}},{"ty":"sh","ks":{"a":0,"k":{"c":true,"i":[[0,0],[0,0],[0,0],[-0.3,0.3],[0,0.4],[0,0],[0.3,0.3],[0.5,0],[0,0],[0,0]],"v":[[1.9,3.4],[1.9,6.4],[3.5,6.4],[4.7,6],[5.2,4.9],[5.2,4.9],[4.8,3.8],[3.5,3.4],[3.5,3.4],[1.9,3.4]],"o":[[0,0],[0,0],[0.5,0],[0.3,-0.3],[0,0],[0,-0.5],[-0.3,-0.3],[0,0],[0,0],[0,0]]}}},{"ty":"fl","c":{"a":0,"k":[1,1,1]},"o":{"a":0,"k":100}}]},{"ind":30,"ty":3,"ks":{"p":{"a":0,"k":[0,-2]}},"ip":0,"op":421,"st":0}]},{"id":"40","layers":[{"ind":39,"ty":4,"parent":38,"ks":{},"ip":0,"op":421,"st":0,"shapes":[{"ty":"sh","ks":{"a":0,"k":{"c":true,"i":[[0,0],[0,0],[0,0],[0,0],[0,0],[0,0],[0,0],[0,0],[0,0],[0,0],[0,0],[0,0],[0,0]],"v":[[5.4,5.6],[5.4,7],[2.5,7],[2.5,8.9],[6,8.9],[6,10.4],[0.6,10.4],[0.6,2.5],[6,2.5],[6,4],[2.5,4],[2.5,5.6],[5.4,5.6]],"o":[[0,0],[0,0],[0,0],[0,0],[0,0],[0,0],[0,0],[0,0],[0,0],[0,0],[0,0],[0,0],[0,0]]}}},{"ty":"fl","c":{"a":0,"k":[1,1,1]},"o":{"a":0,"k":100}}]},{"ind":38,"ty":3,"ks":{"p":{"a":0,"k":[0,-2]}},"ip":0,"op":421,"st":0}]},{"id":"45","layers":[{"ind":44,"ty":4,"parent":43,"ks":{},"ip":0,"op":421,"st":0,"shapes":[{"ty":"sh","ks":{"a":0,"k":{"c":true,"i":[[0,0],[0,0],[0,0],[0,0],[0,0],[0,0],[0,0],[0,0]],"v":[[2.1,2.5],[3.6,8.2],[5.2,2.5],[7.3,2.5],[4.7,10.4],[2.6,10.4],[0,2.5],[2.1,2.5]],"o":[[0,0],[0,0],[0,0],[0,0],[0,0],[0,0],[0,0],[0,0]]}}},{"ty":"fl","c":{"a":0,"k":[1,1,1]},"o":{"a":0,"k":100}}]},{"ind":43,"ty":3,"ks":{"p":{"a":0,"k":[1,-2]}},"ip":0,"op":421,"st":0}]},{"id":"50","layers":[{"ind":49,"ty":4,"parent":48,"ks":{},"ip":0,"op":421,"st":0,"shapes":[{"ty":"sh","ks":{"a":0,"k":{"c":true,"i":[[0,0],[0,0],[0,0],[0,0],[0,0]],"v":[[2.6,2.5],[2.6,10.4],[0.7,10.4],[0.7,2.5],[2.6,2.5]],"o":[[0,0],[0,0],[0,0],[0,0],[0,0]]}}},{"ty":"fl","c":{"a":0,"k":[1,1,1]},"o":{"a":0,"k":100}}]},{"ind":48,"ty":3,"ks":{"p":{"a":0,"k":[0,-2]}},"ip":0,"op":421,"st":0}]},{"id":"55","layers":[{"ind":54,"ty":4,"parent":53,"ks":{},"ip":0,"op":421,"st":0,"shapes":[{"ty":"sh","ks":{"a":0,"k":{"c":true,"i":[[0,0],[0,0],[0,0],[0,0],[0,0],[0,0],[0,0]],"v":[[2.5,2.5],[2.5,8.9],[5.8,8.9],[5.8,10.4],[0.6,10.4],[0.6,2.5],[2.5,2.5]],"o":[[0,0],[0,0],[0,0],[0,0],[0,0],[0,0],[0,0]]}}},{"ty":"fl","c":{"a":0,"k":[1,1,1]},"o":{"a":0,"k":100}}]},{"ind":53,"ty":3,"ks":{"p":{"a":0,"k":[0,-2]}},"ip":0,"op":421,"st":0}]}],"fr":60,"h":23,"ip":0,"layers":[{"ind":9,"ty":0,"parent":4,"ks":{"a":{"a":0,"k":[0,-4]},"o":{"a":1,"k":[{"t":0,"s":[0],"h":1},{"t":47.071434,"s":[0],"i":{"x":1,"y":1},"o":{"x":0,"y":0}},{"t":102.72,"s":[100],"h":1},{"t":174.476306,"s":[100],"h":1},{"t":174.476306,"s":[0],"i":{"x":1,"y":1},"o":{"x":0,"y":0}},{"t":235.8,"s":[100],"h":1},{"t":420,"s":[100],"h":1}]},"p":{"a":1,"k":[{"t":0,"s":[20.744,0],"i":{"x":[1,1],"y":[1,1]},"o":{"x":[0,0],"y":[0,0]}},{"t":47.07,"s":[20.744,0],"i":{"x":[0,1],"y":[1,1]},"o":{"x":[0.5,0],"y":[0,0]}},{"t":102.72,"s":[27.344,0],"i":{"x":[1,1],"y":[1,1]},"o":{"x":[0,0],"y":[0,0]}},{"t":174.474,"s":[27.344,0],"h":1},{"t":174.474,"s":[33.944,0],"i":{"x":[0,1],"y":[1,1]},"o":{"x":[0.5,0],"y":[0,0]}},{"t":235.8,"s":[27.344,0],"i":{"x":[1,1],"y":[1,1]},"o":{"x":[0,0],"y":[0,0]}},{"t":420,"s":[27.344,0],"h":1}]}},"w":6,"h":9,"ip":0,"op":421,"st":0,"refId":"7"},{"ind":14,"ty":0,"parent":4,"ks":{"a":{"a":0,"k":[0,-4]},"o":{"a":1,"k":[{"t":0,"s":[0],"h":1},{"t":42.513332,"s":[0],"i":{"x":1,"y":1},"o":{"x":0,"y":0}},{"t":67.453393,"s":[100],"h":1},{"t":169.444654,"s":[100],"h":1},{"t":169.444654,"s":[0],"i":{"x":1,"y":1},"o":{"x":0,"y":0}},{"t":196.916281,"s":[100],"h":1},{"t":420,"s":[100],"h":1}]},"p":{"a":1,"k":[{"t":0,"s":[14.841,0],"i":{"x":[1,1],"y":[1,1]},"o":{"x":[0,0],"y":[0,0]}},{"t":42.516,"s":[14.841,0],"i":{"x":[0,1],"y":[1,1]},"o":{"x":[0.5,0],"y":[0,0]}},{"t":67.452,"s":[21.441,0],"i":{"x":[1,1],"y":[1,1]},"o":{"x":[0,0],"y":[0,0]}},{"t":169.446,"s":[21.441,0],"h":1},{"t":169.446,"s":[28.041,0],"i":{"x":[0,1],"y":[1,1]},"o":{"x":[0.5,0],"y":[0,0]}},{"t":196.914,"s":[21.441,0],"i":{"x":[1,1],"y":[1,1]},"o":{"x":[0,0],"y":[0,0]}},{"t":420,"s":[21.441,0],"h":1}]}},"w":6,"h":7,"ip":0,"op":421,"st":0,"refId":"12"},{"ind":19,"ty":0,"parent":4,"ks":{"a":{"a":0,"k":[0,-2]},"o":{"a":1,"k":[{"t":0,"s":[0],"h":1},{"t":39.213199,"s":[0],"i":{"x":1,"y":1},"o":{"x":0,"y":0}},{"t":56.204864,"s":[100],"h":1},{"t":165.802326,"s":[100],"h":1},{"t":165.802326,"s":[0],"i":{"x":1,"y":1},"o":{"x":0,"y":0}},{"t":184.51539,"s":[100],"h":1},{"t":420,"s":[100],"h":1}]},"p":{"a":1,"k":[{"t":0,"s":[12.172,0],"i":{"x":[1,1],"y":[1,1]},"o":{"x":[0,0],"y":[0,0]}},{"t":39.216,"s":[12.172,0],"i":{"x":[0,1],"y":[1,1]},"o":{"x":[0.5,0],"y":[0,0]}},{"t":56.202,"s":[18.772,0],"i":{"x":[1,1],"y":[1,1]},"o":{"x":[0,0],"y":[0,0]}},{"t":165.804,"s":[18.772,0],"h":1},{"t":165.804,"s":[25.372,0],"i":{"x":[0,1],"y":[1,1]},"o":{"x":[0.5,0],"y":[0,0]}},{"t":184.518,"s":[18.772,0],"i":{"x":[1,1],"y":[1,1]},"o":{"x":[0,0],"y":[0,0]}},{"t":420,"s":[18.772,0],"h":1}]}},"w":2,"h":9,"ip":0,"op":421,"st":0,"refId":"17"},{"ind":24,"ty":0,"parent":4,"ks":{"a":{"a":0,"k":[0,-4]},"o":{"a":1,"k":[{"t":0,"s":[0],"h":1},{"t":36.880728,"s":[0],"i":{"x":1,"y":1},"o":{"x":0,"y":0}},{"t":48.983632,"s":[100],"h":1},{"t":163.228321,"s":[100],"h":1},{"t":163.228321,"s":[0],"i":{"x":1,"y":1},"o":{"x":0,"y":0}},{"t":176.555153,"s":[100],"h":1},{"t":420,"s":[100],"h":1}]},"p":{"a":1,"k":[{"t":0,"s":[6.001,0],"i":{"x":[1,1],"y":[1,1]},"o":{"x":[0,0],"y":[0,0]}},{"t":36.882,"s":[6.001,0],"i":{"x":[0,1],"y":[1,1]},"o":{"x":[0.5,0],"y":[0,0]}},{"t":48.984,"s":[12.601,0],"i":{"x":[1,1],"y":[1,1]},"o":{"x":[0,0],"y":[0,0]}},{"t":163.23,"s":[12.601,0],"h":1},{"t":163.23,"s":[19.201,0],"i":{"x":[0,1],"y":[1,1]},"o":{"x":[0.5,0],"y":[0,0]}},{"t":176.556,"s":[12.601,0],"i":{"x":[1,1],"y":[1,1]},"o":{"x":[0,0],"y":[0,0]}},{"t":420,"s":[12.601,0],"h":1}]}},"w":6,"h":9,"ip":0,"op":421,"st":0,"refId":"22"},{"ind":29,"ty":0,"parent":4,"ks":{"a":{"a":0,"k":[0,-4]},"o":{"a":1,"k":[{"t":0,"s":[0],"h":1},{"t":35.366782,"s":[0],"i":{"x":1,"y":1},"o":{"x":0,"y":0}},{"t":43.894005,"s":[100],"h":1},{"t":161.557764,"s":[100],"h":1},{"t":161.557764,"s":[0],"i":{"x":1,"y":1},"o":{"x":0,"y":0}},{"t":170.945365,"s":[100],"h":1},{"t":420,"s":[100],"h":1}]},"p":{"a":1,"k":[{"t":0,"s":[0.173,0],"i":{"x":[1,1],"y":[1,1]},"o":{"x":[0,0],"y":[0,0]}},{"t":35.364,"s":[0.173,0],"i":{"x":[0,1],"y":[1,1]},"o":{"x":[0.5,0],"y":[0,0]}},{"t":43.896,"s":[6.773,0],"i":{"x":[1,1],"y":[1,1]},"o":{"x":[0,0],"y":[0,0]}},{"t":161.556,"s":[6.773,0],"h":1},{"t":161.556,"s":[13.373,0],"i":{"x":[0,1],"y":[1,1]},"o":{"x":[0.5,0],"y":[0,0]}},{"t":170.946,"s":[6.773,0],"i":{"x":[1,1],"y":[1,1]},"o":{"x":[0,0],"y":[0,0]}},{"t":420,"s":[6.773,0],"h":1}]}},"w":6,"h":7,"ip":0,"op":421,"st":0,"refId":"27"},{"ind":34,"ty":0,"parent":4,"ks":{"a":{"a":0,"k":[0,-2]},"o":{"a":1,"k":[{"t":0,"s":[0],"h":1},{"t":34.68,"s":[0],"i":{"x":1,"y":1},"o":{"x":0,"y":0}},{"t":40.210202,"s":[100],"h":1},{"t":160.8,"s":[100],"h":1},{"t":160.8,"s":[0],"i":{"x":1,"y":1},"o":{"x":0,"y":0}},{"t":166.885798,"s":[100],"h":1},{"t":420,"s":[100],"h":1}]},"p":{"a":1,"k":[{"t":0,"s":[-6.6,0],"i":{"x":[1,1],"y":[1,1]},"o":{"x":[0,0],"y":[0,0]}},{"t":34.68,"s":[-6.6,0],"i":{"x":[0,1],"y":[1,1]},"o":{"x":[0.5,0],"y":[0,0]}},{"t":40.212,"s":[0,0],"i":{"x":[1,1],"y":[1,1]},"o":{"x":[0,0],"y":[0,0]}},{"t":160.8,"s":[0,0],"h":1},{"t":160.8,"s":[6.6,0],"i":{"x":[0,1],"y":[1,1]},"o":{"x":[0.5,0],"y":[0,0]}},{"t":166.884,"s":[0,0],"i":{"x":[1,1],"y":[1,1]},"o":{"x":[0,0],"y":[0,0]}},{"t":420,"s":[0,0],"h":1}]}},"w":7,"h":9,"ip":0,"op":421,"st":0,"refId":"32"},{"ind":4,"ty":3,"parent":3,"ks":{},"ip":0,"op":421,"st":0},{"ind":3,"ty":3,"parent":2,"ks":{"p":{"a":0,"k":[0,0.4]}},"ip":0,"op":421,"st":0},{"ind":2,"ty":3,"parent":1,"ks":{"p":{"a":0,"k":[33,4.6]}},"ip":0,"op":421,"st":0},{"ind":42,"ty":0,"parent":37,"ks":{"a":{"a":0,"k":[0,-2]},"o":{"a":1,"k":[{"t":0,"s":[0],"h":1},{"t":5.798985,"s":[0],"i":{"x":1,"y":1},"o":{"x":0,"y":0}},{"t":51.72,"s":[100],"h":1},{"t":126.400721,"s":[100],"h":1},{"t":126.400721,"s":[0],"i":{"x":1,"y":1},"o":{"x":0,"y":0}},{"t":177,"s":[100],"h":1},{"t":420,"s":[100],"h":1}]},"p":{"a":1,"k":[{"t":0,"s":[9.948,0],"i":{"x":[1,1],"y":[1,1]},"o":{"x":[0,0],"y":[0,0]}},{"t":5.796,"s":[9.948,0],"i":{"x":[0,1],"y":[1,1]},"o":{"x":[0.5,0],"y":[0,0]}},{"t":51.72,"s":[16.548,0],"i":{"x":[1,1],"y":[1,1]},"o":{"x":[0,0],"y":[0,0]}},{"t":126.402,"s":[16.548,0],"h":1},{"t":126.402,"s":[23.148,0],"i":{"x":[0,1],"y":[1,1]},"o":{"x":[0.5,0],"y":[0,0]}},{"t":177,"s":[16.548,0],"i":{"x":[1,1],"y":[1,1]},"o":{"x":[0,0],"y":[0,0]}},{"t":420,"s":[16.548,0],"h":1}]}},"w":6,"h":9,"ip":0,"op":421,"st":0,"refId":"40"},{"ind":47,"ty":0,"parent":37,"ks":{"a":{"a":0,"k":[1,-2]},"o":{"a":1,"k":[{"t":0,"s":[0],"h":1},{"t":2.71408,"s":[0],"i":{"x":1,"y":1},"o":{"x":0,"y":0}},{"t":21.701674,"s":[100],"h":1},{"t":122.995322,"s":[100],"h":1},{"t":122.995322,"s":[0],"i":{"x":1,"y":1},"o":{"x":0,"y":0}},{"t":143.906795,"s":[100],"h":1},{"t":420,"s":[100],"h":1}]},"p":{"a":1,"k":[{"t":0,"s":[2.681,0],"i":{"x":[1,1],"y":[1,1]},"o":{"x":[0,0],"y":[0,0]}},{"t":2.712,"s":[2.681,0],"i":{"x":[0,1],"y":[1,1]},"o":{"x":[0.5,0],"y":[0,0]}},{"t":21.702,"s":[9.281,0],"i":{"x":[1,1],"y":[1,1]},"o":{"x":[0,0],"y":[0,0]}},{"t":122.994,"s":[9.281,0],"h":1},{"t":122.994,"s":[15.881,0],"i":{"x":[0,1],"y":[1,1]},"o":{"x":[0.5,0],"y":[0,0]}},{"t":143.904,"s":[9.281,0],"i":{"x":[1,1],"y":[1,1]},"o":{"x":[0,0],"y":[0,0]}},{"t":420,"s":[9.281,0],"h":1}]}},"w":9,"h":9,"ip":0,"op":421,"st":0,"refId":"45"},{"ind":52,"ty":0,"parent":37,"ks":{"a":{"a":0,"k":[0,-2]},"o":{"a":1,"k":[{"t":0,"s":[0],"h":1},{"t":0.821297,"s":[0],"i":{"x":1,"y":1},"o":{"x":0,"y":0}},{"t":12.664111,"s":[100],"h":1},{"t":120.906311,"s":[100],"h":1},{"t":120.906311,"s":[0],"i":{"x":1,"y":1},"o":{"x":0,"y":0}},{"t":133.94534,"s":[100],"h":1},{"t":420,"s":[100],"h":1}]},"p":{"a":1,"k":[{"t":0,"s":[-0.638,0],"i":{"x":[1,1],"y":[1,1]},"o":{"x":[0,0],"y":[0,0]}},{"t":0.822,"s":[-0.638,0],"i":{"x":[0,1],"y":[1,1]},"o":{"x":[0.5,0],"y":[0,0]}},{"t":12.666,"s":[5.962,0],"i":{"x":[1,1],"y":[1,1]},"o":{"x":[0,0],"y":[0,0]}},{"t":120.906,"s":[5.962,0],"h":1},{"t":120.906,"s":[12.562,0],"i":{"x":[0,1],"y":[1,1]},"o":{"x":[0.5,0],"y":[0,0]}},{"t":133.944,"s":[5.962,0],"i":{"x":[1,1],"y":[1,1]},"o":{"x":[0,0],"y":[0,0]}},{"t":420,"s":[5.962,0],"h":1}]}},"w":3,"h":9,"ip":0,"op":421,"st":0,"refId":"50"},{"ind":57,"ty":0,"parent":37,"ks":{"a":{"a":0,"k":[0,-2]},"o":{"a":1,"k":[{"t":0,"s":[0],"i":{"x":1,"y":1},"o":{"x":0,"y":0}},{"t":7.180151,"s":[100],"h":1},{"t":120,"s":[100],"h":1},{"t":120,"s":[0],"i":{"x":1,"y":1},"o":{"x":0,"y":0}},{"t":127.901954,"s":[100],"h":1},{"t":420,"s":[100],"h":1}]},"p":{"a":1,"k":[{"t":0,"s":[-6.6,0],"i":{"x":[0,1],"y":[1,1]},"o":{"x":[0.5,0],"y":[0,0]}},{"t":7.182,"s":[0,0],"i":{"x":[1,1],"y":[1,1]},"o":{"x":[0,0],"y":[0,0]}},{"t":120,"s":[0,0],"h":1},{"t":120,"s":[6.6,0],"i":{"x":[0,1],"y":[1,1]},"o":{"x":[0.5,0],"y":[0,0]}},{"t":127.902,"s":[0,0],"i":{"x":[1,1],"y":[1,1]},"o":{"x":[0,0],"y":[0,0]}},{"t":420,"s":[0,0],"h":1}]}},"w":6,"h":9,"ip":0,"op":421,"st":0,"refId":"55"},{"ind":37,"ty":3,"parent":36,"ks":{},"ip":0,"op":421,"st":0},{"ind":36,"ty":3,"parent":35,"ks":{"p":{"a":0,"k":[0.148,0.4]}},"ip":0,"op":421,"st":0},{"ind":35,"ty":3,"parent":1,"ks":{"p":{"a":0,"k":[8,4.6]}},"ip":0,"op":421,"st":0},{"ind":59,"ty":4,"parent":58,"ks":{},"ip":0,"op":421,"st":0,"shapes":[{"ty":"rc","p":{"a":0,"k":[100,60]},"r":{"a":0,"k":0},"s":{"a":0,"k":[200,120]}},{"ty":"fl","c":{"a":1,"k":[{"t":0,"s":[0,0,0,0],"h":1},{"t":120,"s":[0,0,0,0],"h":1},{"t":120,"s":[1,0,0],"h":1},{"t":420,"s":[1,0,0],"h":1}]},"o":{"a":1,"k":[{"t":0,"s":[0],"h":1},{"t":120,"s":[0],"h":1},{"t":120,"s":[100],"h":1},{"t":420,"s":[100],"h":1}]}},{"ty":"gf","e":{"a":1,"k":[{"t":0,"s":[181.93,97.424],"i":{"x":[1,1],"y":[1,1]},"o":{"x":[0,0],"y":[0,0]}},{"t":120,"s":[181.93,97.424],"h":1},{"t":120,"s":[100,0],"i":{"x":[1,1],"y":[1,1]},"o":{"x":[0,0],"y":[0,0]}},{"t":420,"s":[100,0],"h":1}]},"g":{"p":19,"k":{"a":1,"k":[{"t":0,"s":[0,0.639,0,0,0.059,1,0.035,0.02,0.476,1,0.024,0,0.514,1,0.114,0.09,0.562,1,0.165,0.102,0.593,1,0.255,0.169,0.602,1,0.282,0.188,0.613,1,0.318,0.212,0.621,1,0.341,0.231,0.634,1,0.38,0.259,0.667,1,0.525,0.424,0.685,1,0.416,0.294,0.695,1,0.408,0.286,0.707,1,0.4,0.278,0.722,1,0.388,0.267,0.737,1,0.376,0.255,0.749,1,0.369,0.247,0.763,1,0.361,0.239,1,1,0,0,0,1,0.059,1,0.476,1,0.514,1,0.562,1,0.593,1,0.602,1,0.613,1,0.621,1,0.634,1,0.667,1,0.685,1,0.695,1,0.707,1,0.722,1,0.737,1,0.749,1,0.763,1,1,1],"h":1},{"t":38.4,"s":[0,0.639,0,0,0.059,1,0.035,0.02,0.476,1,0.024,0,0.514,1,0.114,0.09,0.562,1,0.165,0.102,0.593,1,0.255,0.169,0.602,1,0.282,0.188,0.613,1,0.318,0.212,0.621,1,0.341,0.231,0.634,1,0.38,0.259,0.667,1,0.525,0.424,0.685,1,0.416,0.294,0.695,1,0.408,0.286,0.707,1,0.4,0.278,0.722,1,0.388,0.267,0.737,1,0.376,0.255,0.749,1,0.369,0.247,0.763,1,0.361,0.239,1,1,0,0,0,1,0.059,1,0.476,1,0.514,1,0.562,1,0.593,1,0.602,1,0.613,1,0.621,1,0.634,1,0.667,1,0.685,1,0.695,1,0.707,1,0.722,1,0.737,1,0.749,1,0.763,1,1,1],"i":{"x":1,"y":1},"o":{"x":0,"y":0}},{"t":120,"s":[0,1,0,0,0.059,1,0,0,0.476,1,0,0,0.514,1,0,0,0.562,1,0,0,0.593,1,0,0,0.602,1,0,0,0.613,1,0,0,0.621,1,0,0,0.634,1,0,0,0.667,1,0,0,0.685,1,0,0,0.695,1,0,0,0.707,1,0,0,0.722,1,0,0,0.737,1,0,0,0.749,1,0,0,0.763,1,0,0,1,1,0,0,0,1,0.059,1,0.476,1,0.514,1,0.562,1,0.593,1,0.602,1,0.613,1,0.621,1,0.634,1,0.667,1,0.685,1,0.695,1,0.707,1,0.722,1,0.737,1,0.749,1,0.763,1,1,1],"h":1},{"t":120,"s":[0,0,0,0,1,0,0,0,1,0,0,0,1,0,0,0,1,0,0,0,1,0,0,0,1,0,0,0,1,0,0,0,1,0,0,0,1,0,0,0,1,0,0,0,1,0,0,0,1,0,0,0,1,0,0,0,1,0,0,0,1,0,0,0,1,0,0,0,1,0,0,0,1,0,0,0,0,0,1,0,1,0,1,0,1,0,1,0,1,0,1,0,1,0,1,0,1,0,1,0,1,0,1,0,1,0,1,0,1,0,1,0,1,0],"h":1},{"t":420,"s":[0,0,0,0,1,0,0,0,1,0,0,0,1,0,0,0,1,0,0,0,1,0,0,0,1,0,0,0,1,0,0,0,1,0,0,0,1,0,0,0,1,0,0,0,1,0,0,0,1,0,0,0,1,0,0,0,1,0,0,0,1,0,0,0,1,0,0,0,1,0,0,0,1,0,0,0,0,0,1,0,1,0,1,0,1,0,1,0,1,0,1,0,1,0,1,0,1,0,1,0,1,0,1,0,1,0,1,0,1,0,1,0,1,0],"h":1}]}},"t":1,"o":{"a":0,"k":100},"s":{"a":1,"k":[{"t":0,"s":[-10.263,-28.424],"i":{"x":[1,1],"y":[1,1]},"o":{"x":[0,0],"y":[0,0]}},{"t":120,"s":[-10.263,-28.424],"h":1},{"t":120,"s":[-100,0],"i":{"x":[1,1],"y":[1,1]},"o":{"x":[0,0],"y":[0,0]}},{"t":420,"s":[-100,0],"h":1}]}}]},{"ind":58,"ty":3,"parent":1,"ks":{"a":{"a":0,"k":[100,60]},"p":{"a":1,"k":[{"t":0,"s":[-13,3],"i":{"x":[0.819,0.767],"y":[0.371,0.372]},"o":{"x":[0.55,0.476],"y":[0.001,0.001]}},{"t":25.296,"s":[-7.073872556783925,18.689],"i":{"x":[0.669,0.668],"y":[0.665,0.666]},"o":{"x":[0.336,0.335],"y":[0.331,0.332]}},{"t":25.5,"s":[-6.906,19.031962754586814],"i":{"x":[0.707,0.677],"y":[0.559,0.743]},"o":{"x":[0.427,0.403],"y":[0.203,0.336]}},{"t":37.944,"s":[14.982363285610976,44.318],"i":{"x":[0.563,0.559],"y":[0.64,0.999]},"o":{"x":[0.275,0.283],"y":[0.293,0.766]}},{"t":50.592,"s":[46.46268366076145,51.879],"h":1},{"t":50.592,"s":[46.46268365628147,51.879],"i":{"x":[0.664,0.67],"y":[0.666,0.382]},"o":{"x":[0.331,0.336],"y":[0.333,0.046]}},{"t":51,"s":[47.292,51.87646886928917],"i":{"x":[0.488,0.28],"y":[0.698,0.603]},"o":{"x":[0.194,0.179],"y":[0.329,0.024]}},{"t":88.944,"s":[92.47787914745517,48.619],"i":{"x":[0.638,0.621],"y":[0.686,0.687]},"o":{"x":[0.306,0.291],"y":[0.351,0.351]}},{"t":102,"s":[100.474,48.10694636718495],"i":{"x":[0.633,0.604],"y":[0.722,0.719]},"o":{"x":[0.301,0.277],"y":[0.387,0.379]}},{"t":127.296,"s":[110.91808930131745,47.51],"i":{"x":[0.602,0.491],"y":[1,1]},"o":{"x":[0.272,0.182],"y":[0.649,0.461]}},{"t":204,"s":[121,47],"i":{"x":[1,1],"y":[1,1]},"o":{"x":[0,0],"y":[0,0]}},{"t":420,"s":[121,47],"h":1}]},"s":{"a":1,"k":[{"t":0,"s":[100,100],"i":{"x":[0,0],"y":[1,1]},"o":{"x":[0.5,0.5],"y":[0,0]}},{"t":270,"s":[192.67,192.67],"i":{"x":[1,1],"y":[1,1]},"o":{"x":[0,0],"y":[0,0]}},{"t":420,"s":[192.67,192.67],"h":1}]}},"ip":0,"op":421,"st":0},{"ind":1,"ty":3,"parent":0,"ks":{},"ip":0,"op":421,"st":0},{"ind":0,"ty":3,"ks":{},"ip":0,"op":421,"st":0}],"meta":{"g":"https://jitter.video"},"op":420,"v":"5.7.4","w":73}