{"assets":[{"id":"7","layers":[{"ind":6,"ty":4,"parent":5,"ks":{},"ip":0,"op":421,"st":0,"shapes":[{"ty":"sh","ks":{"a":0,"k":{"c":true,"i":[[0,0],[0,0],[0,0],[0,0],[0,0],[0,0],[0,0],[0,0],[0,0],[0,0],[0,0],[0,0],[0,0]],"v":[[5.4,5.6],[5.4,7],[2.5,7],[2.5,8.9],[6,8.9],[6,10.4],[0.6,10.4],[0.6,2.5],[6,2.5],[6,4],[2.5,4],[2.5,5.6],[5.4,5.6]],"o":[[0,0],[0,0],[0,0],[0,0],[0,0],[0,0],[0,0],[0,0],[0,0],[0,0],[0,0],[0,0],[0,0]]}}},{"ty":"fl","c":{"a":0,"k":[1,1,1]},"o":{"a":0,"k":100}}]},{"ind":5,"ty":3,"ks":{"p":{"a":0,"k":[0,-2]}},"ip":0,"op":421,"st":0}]},{"id":"12","layers":[{"ind":11,"ty":4,"parent":10,"ks":{},"ip":0,"op":421,"st":0,"shapes":[{"ty":"sh","ks":{"a":0,"k":{"c":true,"i":[[0,0],[0,0],[0,0],[0,0],[0,0],[0,0],[0,0],[0,0]],"v":[[2.1,2.5],[3.6,8.2],[5.2,2.5],[7.3,2.5],[4.7,10.4],[2.6,10.4],[0,2.5],[2.1,2.5]],"o":[[0,0],[0,0],[0,0],[0,0],[0,0],[0,0],[0,0],[0,0]]}}},{"ty":"fl","c":{"a":0,"k":[1,1,1]},"o":{"a":0,"k":100}}]},{"ind":10,"ty":3,"ks":{"p":{"a":0,"k":[1,-2]}},"ip":0,"op":421,"st":0}]},{"id":"17","layers":[{"ind":16,"ty":4,"parent":15,"ks":{},"ip":0,"op":421,"st":0,"shapes":[{"ty":"sh","ks":{"a":0,"k":{"c":true,"i":[[0,0],[0,0],[0,0],[0,0],[0,0]],"v":[[2.6,2.5],[2.6,10.4],[0.7,10.4],[0.7,2.5],[2.6,2.5]],"o":[[0,0],[0,0],[0,0],[0,0],[0,0]]}}},{"ty":"fl","c":{"a":0,"k":[1,1,1]},"o":{"a":0,"k":100}}]},{"ind":15,"ty":3,"ks":{"p":{"a":0,"k":[0,-2]}},"ip":0,"op":421,"st":0}]},{"id":"22","layers":[{"ind":21,"ty":4,"parent":20,"ks":{},"ip":0,"op":421,"st":0,"shapes":[{"ty":"sh","ks":{"a":0,"k":{"c":true,"i":[[0,0],[0,0],[0,0],[0,0],[0,0],[0,0],[0,0]],"v":[[2.5,2.5],[2.5,8.9],[5.8,8.9],[5.8,10.4],[0.6,10.4],[0.6,2.5],[2.5,2.5]],"o":[[0,0],[0,0],[0,0],[0,0],[0,0],[0,0],[0,0]]}}},{"ty":"fl","c":{"a":0,"k":[1,1,1]},"o":{"a":0,"k":100}}]},{"ind":20,"ty":3,"ks":{"p":{"a":0,"k":[0,-2]}},"ip":0,"op":421,"st":0}]}],"fr":60,"h":23,"ip":0,"layers":[{"ind":9,"ty":0,"parent":4,"ks":{"a":{"a":0,"k":[0,-2]},"o":{"a":1,"k":[{"t":0,"s":[0],"h":1},{"t":5.798985,"s":[0],"i":{"x":1,"y":1},"o":{"x":0,"y":0}},{"t":51.72,"s":[100],"h":1},{"t":126.400721,"s":[100],"h":1},{"t":126.400721,"s":[0],"i":{"x":1,"y":1},"o":{"x":0,"y":0}},{"t":177,"s":[100],"h":1},{"t":420,"s":[100],"h":1}]},"p":{"a":1,"k":[{"t":0,"s":[9.948,0],"i":{"x":[1,1],"y":[1,1]},"o":{"x":[0,0],"y":[0,0]}},{"t":5.796,"s":[9.948,0],"i":{"x":[0,1],"y":[1,1]},"o":{"x":[0.5,0],"y":[0,0]}},{"t":51.72,"s":[16.548,0],"i":{"x":[1,1],"y":[1,1]},"o":{"x":[0,0],"y":[0,0]}},{"t":126.402,"s":[16.548,0],"h":1},{"t":126.402,"s":[23.148,0],"i":{"x":[0,1],"y":[1,1]},"o":{"x":[0.5,0],"y":[0,0]}},{"t":177,"s":[16.548,0],"i":{"x":[1,1],"y":[1,1]},"o":{"x":[0,0],"y":[0,0]}},{"t":420,"s":[16.548,0],"h":1}]}},"w":6,"h":9,"ip":0,"op":421,"st":0,"refId":"7"},{"ind":14,"ty":0,"parent":4,"ks":{"a":{"a":0,"k":[1,-2]},"o":{"a":1,"k":[{"t":0,"s":[0],"h":1},{"t":2.71408,"s":[0],"i":{"x":1,"y":1},"o":{"x":0,"y":0}},{"t":21.701674,"s":[100],"h":1},{"t":122.995322,"s":[100],"h":1},{"t":122.995322,"s":[0],"i":{"x":1,"y":1},"o":{"x":0,"y":0}},{"t":143.906795,"s":[100],"h":1},{"t":420,"s":[100],"h":1}]},"p":{"a":1,"k":[{"t":0,"s":[2.681,0],"i":{"x":[1,1],"y":[1,1]},"o":{"x":[0,0],"y":[0,0]}},{"t":2.712,"s":[2.681,0],"i":{"x":[0,1],"y":[1,1]},"o":{"x":[0.5,0],"y":[0,0]}},{"t":21.702,"s":[9.281,0],"i":{"x":[1,1],"y":[1,1]},"o":{"x":[0,0],"y":[0,0]}},{"t":122.994,"s":[9.281,0],"h":1},{"t":122.994,"s":[15.881,0],"i":{"x":[0,1],"y":[1,1]},"o":{"x":[0.5,0],"y":[0,0]}},{"t":143.904,"s":[9.281,0],"i":{"x":[1,1],"y":[1,1]},"o":{"x":[0,0],"y":[0,0]}},{"t":420,"s":[9.281,0],"h":1}]}},"w":9,"h":9,"ip":0,"op":421,"st":0,"refId":"12"},{"ind":19,"ty":0,"parent":4,"ks":{"a":{"a":0,"k":[0,-2]},"o":{"a":1,"k":[{"t":0,"s":[0],"h":1},{"t":0.821297,"s":[0],"i":{"x":1,"y":1},"o":{"x":0,"y":0}},{"t":12.664111,"s":[100],"h":1},{"t":120.906311,"s":[100],"h":1},{"t":120.906311,"s":[0],"i":{"x":1,"y":1},"o":{"x":0,"y":0}},{"t":133.94534,"s":[100],"h":1},{"t":420,"s":[100],"h":1}]},"p":{"a":1,"k":[{"t":0,"s":[-0.638,0],"i":{"x":[1,1],"y":[1,1]},"o":{"x":[0,0],"y":[0,0]}},{"t":0.822,"s":[-0.638,0],"i":{"x":[0,1],"y":[1,1]},"o":{"x":[0.5,0],"y":[0,0]}},{"t":12.666,"s":[5.962,0],"i":{"x":[1,1],"y":[1,1]},"o":{"x":[0,0],"y":[0,0]}},{"t":120.906,"s":[5.962,0],"h":1},{"t":120.906,"s":[12.562,0],"i":{"x":[0,1],"y":[1,1]},"o":{"x":[0.5,0],"y":[0,0]}},{"t":133.944,"s":[5.962,0],"i":{"x":[1,1],"y":[1,1]},"o":{"x":[0,0],"y":[0,0]}},{"t":420,"s":[5.962,0],"h":1}]}},"w":3,"h":9,"ip":0,"op":421,"st":0,"refId":"17"},{"ind":24,"ty":0,"parent":4,"ks":{"a":{"a":0,"k":[0,-2]},"o":{"a":1,"k":[{"t":0,"s":[0],"i":{"x":1,"y":1},"o":{"x":0,"y":0}},{"t":7.180151,"s":[100],"h":1},{"t":120,"s":[100],"h":1},{"t":120,"s":[0],"i":{"x":1,"y":1},"o":{"x":0,"y":0}},{"t":127.901954,"s":[100],"h":1},{"t":420,"s":[100],"h":1}]},"p":{"a":1,"k":[{"t":0,"s":[-6.6,0],"i":{"x":[0,1],"y":[1,1]},"o":{"x":[0.5,0],"y":[0,0]}},{"t":7.182,"s":[0,0],"i":{"x":[1,1],"y":[1,1]},"o":{"x":[0,0],"y":[0,0]}},{"t":120,"s":[0,0],"h":1},{"t":120,"s":[6.6,0],"i":{"x":[0,1],"y":[1,1]},"o":{"x":[0.5,0],"y":[0,0]}},{"t":127.902,"s":[0,0],"i":{"x":[1,1],"y":[1,1]},"o":{"x":[0,0],"y":[0,0]}},{"t":420,"s":[0,0],"h":1}]}},"w":6,"h":9,"ip":0,"op":421,"st":0,"refId":"22"},{"ind":4,"ty":3,"parent":3,"ks":{},"ip":0,"op":421,"st":0},{"ind":3,"ty":3,"parent":2,"ks":{"p":{"a":0,"k":[0.148,0.4]}},"ip":0,"op":421,"st":0},{"ind":2,"ty":3,"parent":1,"ks":{"p":{"a":0,"k":[8,4.6]}},"ip":0,"op":421,"st":0},{"ind":26,"ty":4,"parent":25,"ks":{},"ip":0,"op":421,"st":0,"shapes":[{"ty":"rc","p":{"a":0,"k":[60,60]},"r":{"a":0,"k":0},"s":{"a":0,"k":[120,120]}},{"ty":"fl","c":{"a":1,"k":[{"t":0,"s":[0,0,0,0],"h":1},{"t":120,"s":[0,0,0,0],"h":1},{"t":120,"s":[1,0,0],"h":1},{"t":420,"s":[1,0,0],"h":1}]},"o":{"a":1,"k":[{"t":0,"s":[0],"h":1},{"t":120,"s":[0],"h":1},{"t":120,"s":[100],"h":1},{"t":420,"s":[100],"h":1}]}},{"ty":"gf","e":{"a":1,"k":[{"t":0,"s":[120,79.354],"i":{"x":[1,1],"y":[1,1]},"o":{"x":[0,0],"y":[0,0]}},{"t":120,"s":[120,79.354],"h":1},{"t":120,"s":[60,0],"i":{"x":[1,1],"y":[1,1]},"o":{"x":[0,0],"y":[0,0]}},{"t":420,"s":[60,0],"h":1}]},"g":{"p":19,"k":{"a":1,"k":[{"t":0,"s":[0,0.639,0,0,0.059,1,0.035,0.02,0.476,1,0.024,0,0.514,1,0.114,0.09,0.562,1,0.165,0.102,0.593,1,0.255,0.169,0.602,1,0.282,0.188,0.613,1,0.318,0.212,0.621,1,0.341,0.231,0.634,1,0.38,0.259,0.667,1,0.525,0.424,0.685,1,0.416,0.294,0.695,1,0.408,0.286,0.707,1,0.4,0.278,0.722,1,0.388,0.267,0.737,1,0.376,0.255,0.749,1,0.369,0.247,0.763,1,0.361,0.239,1,1,0,0,0,1,0.059,1,0.476,1,0.514,1,0.562,1,0.593,1,0.602,1,0.613,1,0.621,1,0.634,1,0.667,1,0.685,1,0.695,1,0.707,1,0.722,1,0.737,1,0.749,1,0.763,1,1,1],"h":1},{"t":38.4,"s":[0,0.639,0,0,0.059,1,0.035,0.02,0.476,1,0.024,0,0.514,1,0.114,0.09,0.562,1,0.165,0.102,0.593,1,0.255,0.169,0.602,1,0.282,0.188,0.613,1,0.318,0.212,0.621,1,0.341,0.231,0.634,1,0.38,0.259,0.667,1,0.525,0.424,0.685,1,0.416,0.294,0.695,1,0.408,0.286,0.707,1,0.4,0.278,0.722,1,0.388,0.267,0.737,1,0.376,0.255,0.749,1,0.369,0.247,0.763,1,0.361,0.239,1,1,0,0,0,1,0.059,1,0.476,1,0.514,1,0.562,1,0.593,1,0.602,1,0.613,1,0.621,1,0.634,1,0.667,1,0.685,1,0.695,1,0.707,1,0.722,1,0.737,1,0.749,1,0.763,1,1,1],"i":{"x":1,"y":1},"o":{"x":0,"y":0}},{"t":120,"s":[0,1,0,0,0.059,1,0,0,0.476,1,0,0,0.514,1,0,0,0.562,1,0,0,0.593,1,0,0,0.602,1,0,0,0.613,1,0,0,0.621,1,0,0,0.634,1,0,0,0.667,1,0,0,0.685,1,0,0,0.695,1,0,0,0.707,1,0,0,0.722,1,0,0,0.737,1,0,0,0.749,1,0,0,0.763,1,0,0,1,1,0,0,0,1,0.059,1,0.476,1,0.514,1,0.562,1,0.593,1,0.602,1,0.613,1,0.621,1,0.634,1,0.667,1,0.685,1,0.695,1,0.707,1,0.722,1,0.737,1,0.749,1,0.763,1,1,1],"h":1},{"t":120,"s":[0,0,0,0,1,0,0,0,1,0,0,0,1,0,0,0,1,0,0,0,1,0,0,0,1,0,0,0,1,0,0,0,1,0,0,0,1,0,0,0,1,0,0,0,1,0,0,0,1,0,0,0,1,0,0,0,1,0,0,0,1,0,0,0,1,0,0,0,1,0,0,0,1,0,0,0,0,0,1,0,1,0,1,0,1,0,1,0,1,0,1,0,1,0,1,0,1,0,1,0,1,0,1,0,1,0,1,0,1,0,1,0,1,0],"h":1},{"t":420,"s":[0,0,0,0,1,0,0,0,1,0,0,0,1,0,0,0,1,0,0,0,1,0,0,0,1,0,0,0,1,0,0,0,1,0,0,0,1,0,0,0,1,0,0,0,1,0,0,0,1,0,0,0,1,0,0,0,1,0,0,0,1,0,0,0,1,0,0,0,1,0,0,0,1,0,0,0,0,0,1,0,1,0,1,0,1,0,1,0,1,0,1,0,1,0,1,0,1,0,1,0,1,0,1,0,1,0,1,0,1,0,1,0,1,0],"h":1}]}},"t":1,"o":{"a":0,"k":100},"s":{"a":1,"k":[{"t":0,"s":[-17,-10.354],"i":{"x":[1,1],"y":[1,1]},"o":{"x":[0,0],"y":[0,0]}},{"t":120,"s":[-17,-10.354],"h":1},{"t":120,"s":[-60,0],"i":{"x":[1,1],"y":[1,1]},"o":{"x":[0,0],"y":[0,0]}},{"t":420,"s":[-60,0],"h":1}]}}]},{"ind":25,"ty":3,"parent":1,"ks":{"a":{"a":0,"k":[60,60]},"p":{"a":1,"k":[{"t":0,"s":[-19,3],"i":{"x":[0.821,0.782],"y":[0.319,0.481]},"o":{"x":[0.598,0.597],"y":[0,0]}},{"t":34.212,"s":[-5.9542786876526925,30.778],"i":{"x":[0.511,0.53],"y":[0.564,0.865]},"o":{"x":[0.282,0.332],"y":[0.234,0.572]}},{"t":51,"s":[23.41,49.65682068467653],"i":{"x":[0.575,0.554],"y":[0.675,0.999]},"o":{"x":[0.256,0.24],"y":[0.333,0.726]}},{"t":68.424,"s":[44.2806643537528,51.516],"i":{"x":[0.573,0.576],"y":[0.715,0.452]},"o":{"x":[0.251,0.267],"y":[0.369,0.001]}},{"t":102,"s":[65.127,49.96934885590928],"i":{"x":[0.531,0.52],"y":[1,1]},"o":{"x":[0.219,0.215],"y":[0.581,0.44]}},{"t":204,"s":[81,47],"i":{"x":[1,1],"y":[1,1]},"o":{"x":[0,0],"y":[0,0]}},{"t":420,"s":[81,47],"h":1}]},"s":{"a":1,"k":[{"t":0,"s":[100,100],"i":{"x":[0,0],"y":[1,1]},"o":{"x":[0.5,0.5],"y":[0,0]}},{"t":270,"s":[192.67,192.67],"i":{"x":[1,1],"y":[1,1]},"o":{"x":[0,0],"y":[0,0]}},{"t":420,"s":[192.67,192.67],"h":1}]}},"ip":0,"op":421,"st":0},{"ind":1,"ty":3,"parent":0,"ks":{},"ip":0,"op":421,"st":0},{"ind":0,"ty":3,"ks":{},"ip":0,"op":421,"st":0}],"meta":{"g":"https://jitter.video"},"op":420,"v":"5.7.4","w":40}