{"v":"4.8.0","meta":{"g":"LottieFiles AE 3.4.5","a":"","k":"","d":"","tc":""},"fr":29.9700012207031,"ip":0,"op":180.00000733155,"w":96,"h":96,"nm":"Comp 1","ddd":1,"assets":[],"layers":[{"ddd":1,"ind":1,"ty":4,"nm":"챗/icon_quiz+chat(color) Outlines","sr":1,"ks":{"o":{"a":1,"k":[{"i":{"x":[0.833],"y":[0.833]},"o":{"x":[0.167],"y":[0.167]},"t":0,"s":[100]},{"i":{"x":[0.833],"y":[0.833]},"o":{"x":[0.167],"y":[0.167]},"t":57,"s":[100]},{"i":{"x":[0.833],"y":[0.833]},"o":{"x":[0.167],"y":[0.167]},"t":58,"s":[100]},{"i":{"x":[0.833],"y":[0.833]},"o":{"x":[0.167],"y":[0.167]},"t":59,"s":[0]},{"i":{"x":[0.833],"y":[0.833]},"o":{"x":[0.167],"y":[0.167]},"t":150,"s":[0]},{"t":151.000006150356,"s":[100]}],"ix":11},"rx":{"a":0,"k":0,"ix":8},"ry":{"a":1,"k":[{"i":{"x":[0.833],"y":[0.833]},"o":{"x":[0.167],"y":[0.167]},"t":0,"s":[0]},{"i":{"x":[0.833],"y":[0.833]},"o":{"x":[0.167],"y":[0.167]},"t":23,"s":[90]},{"i":{"x":[0.667],"y":[1]},"o":{"x":[0.167],"y":[0.167]},"t":39,"s":[327.935]},{"i":{"x":[0.833],"y":[0.833]},"o":{"x":[0.167],"y":[0.167]},"t":40,"s":[336.455]},{"i":{"x":[0.833],"y":[0.833]},"o":{"x":[0.167],"y":[0.167]},"t":55,"s":[413.154]},{"i":{"x":[0.833],"y":[0.833]},"o":{"x":[0.167],"y":[0.167]},"t":60,"s":[480.467]},{"i":{"x":[0.833],"y":[0.833]},"o":{"x":[0.167],"y":[0.167]},"t":151,"s":[810]},{"t":179.000007290819,"s":[1080]}],"ix":9},"rz":{"a":0,"k":0,"ix":10},"or":{"a":0,"k":[0,0,0],"ix":7},"p":{"a":0,"k":[48,48,0],"ix":2},"a":{"a":0,"k":[48,48,0],"ix":1},"s":{"a":0,"k":[100,100,100],"ix":6}},"ao":0,"shapes":[{"ty":"gr","it":[{"ind":0,"ty":"sh","ix":1,"ks":{"a":0,"k":{"i":[[-2.332,0],[0,2.333],[2.332,0],[0,-2.333]],"o":[[2.332,0],[0,-2.333],[-2.332,0],[0,2.333]],"v":[[20.71,4.222],[24.932,-0.003],[20.71,-4.227],[16.488,-0.003]],"c":true},"ix":2},"nm":"Path 1","mn":"ADBE Vector Shape - Group","hd":false},{"ind":1,"ty":"sh","ix":2,"ks":{"a":0,"k":{"i":[[0,2.333],[2.332,0],[0,-2.333],[-2.332,0]],"o":[[0,-2.333],[-2.332,0],[0,2.333],[2.332,0]],"v":[[8.042,-0.003],[3.82,-4.227],[-0.402,-0.003],[3.82,4.222]],"c":true},"ix":2},"nm":"Path 2","mn":"ADBE Vector Shape - Group","hd":false},{"ind":2,"ty":"sh","ix":3,"ks":{"a":0,"k":{"i":[[-2.331,0],[0,2.333],[2.332,0],[0,-2.333]],"o":[[2.332,0],[0,-2.333],[-2.331,0],[0,2.333]],"v":[[-13.068,4.222],[-8.846,-0.003],[-13.068,-4.227],[-17.29,-0.003]],"c":true},"ix":2},"nm":"Path 3","mn":"ADBE Vector Shape - Group","hd":false},{"ind":3,"ty":"sh","ix":4,"ks":{"a":0,"k":{"i":[[-7.785,7.525],[-11.01,0],[-5.039,-2.017],[-3.856,-3.729],[-2.085,-4.871],[0.003,-5.272],[7.785,-7.524],[11.01,0],[5.93,3.007],[0,0],[8.665,-0.405],[-1.032,1.039],[0,0],[0.682,1.584],[-0.004,5.22]],"o":[[7.785,-7.525],[5.454,-0.001],[5.04,2.018],[3.857,3.728],[2.086,4.872],[-0.001,10.641],[-7.785,7.524],[-6.697,0.006],[-2.191,-1.166],[-7.94,3.437],[-1.463,0.068],[10.731,-10.432],[-0.972,-1.436],[-2.053,-4.828],[0,-10.642]],"v":[[-25.46,-28.384],[3.895,-40.137],[19.79,-37.084],[33.265,-28.38],[42.265,-15.354],[45.42,0.011],[33.259,28.381],[3.906,40.132],[-15.32,35.564],[-18.135,33.609],[-43.264,39.416],[-44.391,36.625],[-32.031,19.747],[-34.516,15.207],[-37.619,-0.011]],"c":true},"ix":2},"nm":"Path 4","mn":"ADBE Vector Shape - Group","hd":false},{"ty":"mm","mm":1,"nm":"Merge Paths 1","mn":"ADBE Vector Filter - Merge","hd":false},{"ty":"fl","c":{"a":0,"k":[1,1,1,1],"ix":4},"o":{"a":0,"k":100,"ix":5},"r":1,"bm":0,"nm":"Fill 1","mn":"ADBE Vector Graphic - Fill","hd":false},{"ty":"tr","p":{"a":0,"k":[48.172,48.368],"ix":2},"a":{"a":0,"k":[0,0],"ix":1},"s":{"a":0,"k":[100,100],"ix":3},"r":{"a":0,"k":0,"ix":6},"o":{"a":0,"k":100,"ix":7},"sk":{"a":0,"k":0,"ix":4},"sa":{"a":0,"k":0,"ix":5},"nm":"Transform"}],"nm":"Group 1","np":6,"cix":2,"bm":0,"ix":1,"mn":"ADBE Vector Group","hd":false}],"ip":0,"op":181.000007372281,"st":0,"bm":0},{"ddd":1,"ind":3,"ty":4,"nm":"퀴즈/icon_quiz+chat(color) Outlines","sr":1,"ks":{"o":{"a":1,"k":[{"i":{"x":[0.833],"y":[0.833]},"o":{"x":[0.167],"y":[0.167]},"t":0,"s":[0]},{"i":{"x":[0.833],"y":[0.833]},"o":{"x":[0.167],"y":[0.167]},"t":57,"s":[0]},{"i":{"x":[0.833],"y":[0.833]},"o":{"x":[0.167],"y":[0.167]},"t":58,"s":[0]},{"i":{"x":[0.833],"y":[0.833]},"o":{"x":[0.167],"y":[0.167]},"t":59,"s":[100]},{"i":{"x":[0.833],"y":[0.833]},"o":{"x":[0.167],"y":[0.167]},"t":151,"s":[100]},{"t":152.000006191087,"s":[0]}],"ix":11},"rx":{"a":0,"k":0,"ix":8},"ry":{"a":1,"k":[{"i":{"x":[0.57],"y":[0.567]},"o":{"x":[0.194],"y":[0.314]},"t":55,"s":[135]},{"i":{"x":[0.661],"y":[3.703]},"o":{"x":[0.327],"y":[-1.398]},"t":58,"s":[101.784]},{"i":{"x":[0.703],"y":[1]},"o":{"x":[0.341],"y":[-0.039]},"t":60,"s":[107]},{"i":{"x":[0.667],"y":[1]},"o":{"x":[0.333],"y":[0]},"t":62,"s":[466.5]},{"i":{"x":[0.663],"y":[1]},"o":{"x":[0.167],"y":[0.167]},"t":65,"s":[470.667]},{"i":{"x":[0.658],"y":[1.553]},"o":{"x":[0.177],"y":[0]},"t":110,"s":[12.911]},{"i":{"x":[0.793],"y":[1]},"o":{"x":[0.441],"y":[0.059]},"t":150,"s":[360]},{"t":153.000006231818,"s":[43.836]}],"ix":9},"rz":{"a":0,"k":0,"ix":10},"or":{"a":0,"k":[0,0,0],"ix":7},"p":{"a":0,"k":[48,48,0],"ix":2},"a":{"a":0,"k":[48,48,0],"ix":1},"s":{"a":0,"k":[100,100,100],"ix":6}},"ao":0,"shapes":[{"ty":"gr","it":[{"ind":0,"ty":"sh","ix":1,"ks":{"a":0,"k":{"i":[[0,0],[0,0],[0,0],[0,0],[0,0],[0,0],[0,0],[0,0],[0,0],[0,0]],"o":[[0,0],[0,0],[0,0],[0,0],[0,0],[0,0],[0,0],[0,0],[0,0],[0,0]],"v":[[-9.183,7.995],[1.604,-6.525],[-9.161,-6.525],[-9.161,-11.333],[9.182,-11.333],[9.182,-8.003],[-1.604,6.525],[9.154,6.525],[9.154,11.333],[-9.183,11.333]],"c":true},"ix":2},"nm":"Path 1","mn":"ADBE Vector Shape - Group","hd":false},{"ty":"fl","c":{"a":0,"k":[1,1,1,1],"ix":4},"o":{"a":0,"k":100,"ix":5},"r":1,"bm":0,"nm":"Fill 1","mn":"ADBE Vector Graphic - Fill","hd":false},{"ty":"tr","p":{"a":0,"k":[78.589,47.16],"ix":2},"a":{"a":0,"k":[0,0],"ix":1},"s":{"a":0,"k":[100,100],"ix":3},"r":{"a":0,"k":0,"ix":6},"o":{"a":0,"k":100,"ix":7},"sk":{"a":0,"k":0,"ix":4},"sa":{"a":0,"k":0,"ix":5},"nm":"Transform"}],"nm":"Group 1","np":2,"cix":2,"bm":0,"ix":1,"mn":"ADBE Vector Group","hd":false},{"ty":"gr","it":[{"ind":0,"ty":"sh","ix":1,"ks":{"a":0,"k":{"i":[[0,0],[0,0],[0,0],[0,0]],"o":[[0,0],[0,0],[0,0],[0,0]],"v":[[2.975,11.333],[-2.975,11.333],[-2.975,-11.333],[2.975,-11.333]],"c":true},"ix":2},"nm":"Path 1","mn":"ADBE Vector Shape - Group","hd":false},{"ty":"fl","c":{"a":0,"k":[1,1,1,1],"ix":4},"o":{"a":0,"k":100,"ix":5},"r":1,"bm":0,"nm":"Fill 1","mn":"ADBE Vector Graphic - Fill","hd":false},{"ty":"tr","p":{"a":0,"k":[63.341,47.16],"ix":2},"a":{"a":0,"k":[0,0],"ix":1},"s":{"a":0,"k":[100,100],"ix":3},"r":{"a":0,"k":0,"ix":6},"o":{"a":0,"k":100,"ix":7},"sk":{"a":0,"k":0,"ix":4},"sa":{"a":0,"k":0,"ix":5},"nm":"Transform"}],"nm":"Group 2","np":2,"cix":2,"bm":0,"ix":2,"mn":"ADBE Vector Group","hd":false},{"ty":"gr","it":[{"ind":0,"ty":"sh","ix":1,"ks":{"a":0,"k":{"i":[[0,0],[0,0],[0.811,-1.267],[1.476,-0.68],[1.918,0],[1.462,0.688],[0.803,1.259],[0,1.686],[0,0],[0,0],[0,0],[-0.326,-0.557],[-0.572,-0.319],[-0.724,0],[-0.579,0.326],[-0.311,0.565],[0,0.716],[0,0]],"o":[[0,0],[0,1.686],[-0.811,1.259],[-1.484,0.688],[-1.933,0],[-1.462,-0.68],[-0.811,-1.267],[0,0],[0,0],[0,0],[0,0.716],[0.319,0.565],[0.565,0.326],[0.731,0],[0.579,-0.319],[0.311,-0.557],[0,0],[0,0]],"v":[[9.729,-11.467],[9.729,3.092],[8.513,7.521],[5.082,10.439],[-0.022,11.467],[-5.111,10.439],[-8.513,7.521],[-9.729,3.092],[-9.729,-11.467],[-3.779,-11.467],[-3.779,2.577],[-3.294,4.495],[-1.955,5.827],[-0.022,6.312],[1.94,5.827],[3.279,4.495],[3.75,2.577],[3.75,-11.467]],"c":true},"ix":2},"nm":"Path 1","mn":"ADBE Vector Shape - Group","hd":false},{"ty":"fl","c":{"a":0,"k":[1,1,1,1],"ix":4},"o":{"a":0,"k":100,"ix":5},"r":1,"bm":0,"nm":"Fill 1","mn":"ADBE Vector Graphic - Fill","hd":false},{"ty":"tr","p":{"a":0,"k":[47.603,47.294],"ix":2},"a":{"a":0,"k":[0,0],"ix":1},"s":{"a":0,"k":[100,100],"ix":3},"r":{"a":0,"k":0,"ix":6},"o":{"a":0,"k":100,"ix":7},"sk":{"a":0,"k":0,"ix":4},"sa":{"a":0,"k":0,"ix":5},"nm":"Transform"}],"nm":"Group 3","np":2,"cix":2,"bm":0,"ix":3,"mn":"ADBE Vector Group","hd":false},{"ty":"gr","it":[{"ind":0,"ty":"sh","ix":1,"ks":{"a":0,"k":{"i":[[0,0],[0,0],[0,0],[0,0],[0,0],[0,0],[0,0],[0,0]],"o":[[0,0],[0,0],[0,0],[0,0],[0,0],[0,0],[0,0],[0,0]],"v":[[2.576,2.281],[4.357,4.54],[7.143,7.717],[10.965,12.35],[5.66,12.35],[2.951,9.173],[1.193,6.667],[-2.09,2.281]],"c":true},"ix":2},"nm":"Path 1","mn":"ADBE Vector Shape - Group","hd":false},{"ind":1,"ty":"sh","ix":2,"ks":{"a":0,"k":{"i":[[0.377,0.963],[0.731,0.499],[1.035,0],[0.713,-0.492],[0.38,-0.963],[0,-1.382],[-0.384,-0.948],[-0.716,-0.499],[-1.032,0],[-0.731,0.507],[-0.369,0.949],[0,1.39]],"o":[[-0.369,-0.963],[-0.731,-0.492],[-1.032,0],[-0.716,0.499],[-0.384,0.963],[0,1.39],[0.38,0.949],[0.713,0.507],[1.035,0],[0.731,-0.499],[0.377,-0.948],[0,-1.382]],"v":[[4.283,-4.228],[2.633,-6.413],[-0.008,-7.16],[-2.63,-6.413],[-4.273,-4.228],[-4.844,-0.71],[-4.273,2.801],[-2.63,4.98],[-0.008,5.74],[2.633,4.98],[4.283,2.801],[4.842,-0.71]],"c":true},"ix":2},"nm":"Path 2","mn":"ADBE Vector Shape - Group","hd":false},{"ind":2,"ty":"sh","ix":3,"ks":{"a":0,"k":{"i":[[0.955,-1.752],[1.672,-0.905],[2.077,0],[1.655,0.912],[0.952,1.759],[0,2.433],[-0.956,1.759],[-1.654,0.897],[-2.085,0],[-1.665,-0.905],[-0.956,-1.759],[0,-2.439]],"o":[[-0.956,1.752],[-1.665,0.912],[-2.085,0],[-1.654,-0.905],[-0.956,-1.759],[0,-2.439],[0.952,-1.759],[1.655,-0.905],[2.077,0],[1.672,0.897],[0.955,1.759],[0,2.447]],"v":[[9.533,5.589],[5.602,9.577],[-0.008,10.939],[-5.62,9.577],[-9.532,5.581],[-10.965,-0.71],[-9.532,-7.008],[-5.62,-10.995],[-0.008,-12.35],[5.602,-10.995],[9.533,-7.008],[10.965,-0.71]],"c":true},"ix":2},"nm":"Path 3","mn":"ADBE Vector Shape - Group","hd":false},{"ty":"mm","mm":1,"nm":"Merge Paths 1","mn":"ADBE Vector Filter - Merge","hd":false},{"ty":"fl","c":{"a":0,"k":[1,1,1,1],"ix":4},"o":{"a":0,"k":100,"ix":5},"r":1,"bm":0,"nm":"Fill 1","mn":"ADBE Vector Graphic - Fill","hd":false},{"ty":"tr","p":{"a":0,"k":[23.962,47.865],"ix":2},"a":{"a":0,"k":[0,0],"ix":1},"s":{"a":0,"k":[100,100],"ix":3},"r":{"a":0,"k":0,"ix":6},"o":{"a":0,"k":100,"ix":7},"sk":{"a":0,"k":0,"ix":4},"sa":{"a":0,"k":0,"ix":5},"nm":"Transform"}],"nm":"Group 4","np":5,"cix":2,"bm":0,"ix":4,"mn":"ADBE Vector Group","hd":false},{"ty":"gr","it":[{"ind":0,"ty":"sh","ix":1,"ks":{"a":0,"k":{"i":[[-7.785,7.525],[-11.01,0],[-5.039,-2.018],[-3.856,-3.729],[-2.085,-4.871],[0.003,-5.272],[7.785,-7.524],[11.01,0],[5.93,3.007],[0,0],[8.665,-0.404],[-1.032,1.039],[0,0],[0.682,1.584],[-0.004,5.22]],"o":[[7.785,-7.525],[5.454,-0.001],[5.04,2.017],[3.857,3.728],[2.086,4.872],[-0.001,10.641],[-7.785,7.524],[-6.697,0.007],[-2.191,-1.165],[-7.94,3.437],[-1.463,0.068],[10.731,-10.432],[-0.972,-1.436],[-2.053,-4.828],[0,-10.642]],"v":[[-25.461,-28.385],[3.895,-40.137],[19.789,-37.083],[33.264,-28.381],[42.264,-15.355],[45.419,0.01],[33.258,28.38],[3.906,40.132],[-15.32,35.564],[-18.135,33.609],[-43.264,39.415],[-44.391,36.626],[-32.032,19.747],[-34.517,15.206],[-37.62,-0.012]],"c":true},"ix":2},"nm":"Path 1","mn":"ADBE Vector Shape - Group","hd":false},{"ty":"fl","c":{"a":0,"k":[0.384313755409,0.400000029919,0.811764765721,1],"ix":4},"o":{"a":0,"k":100,"ix":5},"r":1,"bm":0,"nm":"Fill 1","mn":"ADBE Vector Graphic - Fill","hd":false},{"ty":"tr","p":{"a":0,"k":[48.172,48.369],"ix":2},"a":{"a":0,"k":[0,0],"ix":1},"s":{"a":0,"k":[100,100],"ix":3},"r":{"a":0,"k":0,"ix":6},"o":{"a":0,"k":100,"ix":7},"sk":{"a":0,"k":0,"ix":4},"sa":{"a":0,"k":0,"ix":5},"nm":"Transform"}],"nm":"Group 5","np":2,"cix":2,"bm":0,"ix":5,"mn":"ADBE Vector Group","hd":false}],"ip":0,"op":181.000007372281,"st":0,"bm":0}],"markers":[{"tm":0,"cm":"1","dr":0}]}